poll_epoch,arm_n,replicate,image_digest,observed_hosts,ok,error,operations_ok,operations_error
1788389407.495309,5,1,ghcr.io/talmolab/lablink-client-base-image:linux-amd64-test@sha256:1ec2fde6860186b3d45ac83890167258f83512955dbce65f072d4e8c310cb9de,0,True,,True,
1788389412.673855,5,1,ghcr.io/talmolab/lablink-client-base-image:linux-amd64-test@sha256:1ec2fde6860186b3d45ac83890167258f83512955dbce65f072d4e8c310cb9de,0,True,,True,
1788389417.606838,5,1,ghcr.io/talmolab/lablink-client-base-image:linux-amd64-test@sha256:1ec2fde6860186b3d45ac83890167258f83512955dbce65f072d4e8c310cb9de,0,True,,True,
1788389422.6287842,5,1,ghcr.io/talmolab/lablink-client-base-image:linux-amd64-test@sha256:1ec2fde6860186b3d45ac83890167258f83512955dbce65f072d4e8c310cb9de,0,True,,True,
1788389427.614822,5,1,ghcr.io/talmolab/lablink-client-base-image:linux-amd64-test@sha256:1ec2fde6860186b3d45ac83890167258f83512955dbce65f072d4e8c310cb9de,0,True,,True,
1788389432.418463,5,1,ghcr.io/talmolab/lablink-client-base-image:linux-amd64-test@sha256:1ec2fde6860186b3d45ac83890167258f83512955dbce65f072d4e8c310cb9de,0,True,,True,
1788389437.469922,5,1,ghcr.io/talmolab/lablink-client-base-image:linux-amd64-test@sha256:1ec2fde6860186b3d45ac83890167258f83512955dbce65f072d4e8c310cb9de,0,True,,True,
1788389442.4942951,5,1,ghcr.io/talmolab/lablink-client-base-image:linux-amd64-test@sha256:1ec2fde6860186b3d45ac83890167258f83512955dbce65f072d4e8c310cb9de,0,True,,True,
1788389447.513943,5,1,ghcr.io/talmolab/lablink-client-base-image:linux-amd64-test@sha256:1ec2fde6860186b3d45ac83890167258f83512955dbce65f072d4e8c310cb9de,0,True,,True,
1788389452.4626,5,1,ghcr.io/talmolab/lablink-client-base-image:linux-amd64-test@sha256:1ec2fde6860186b3d45ac83890167258f83512955dbce65f072d4e8c310cb9de,0,True,,True,
1788389457.4291809,5,1,ghcr.io/talmolab/lablink-client-base-image:linux-amd64-test@sha256:1ec2fde6860186b3d45ac83890167258f83512955dbce65f072d4e8c310cb9de,5,True,,True,
1788389462.494426,5,1,ghcr.io/talmolab/lablink-client-base-image:linux-amd64-test@sha256:1ec2fde6860186b3d45ac83890167258f83512955dbce65f072d4e8c310cb9de,5,True,,True,
1788389467.891086,5,1,ghcr.io/talmolab/lablink-client-base-image:linux-amd64-test@sha256:1ec2fde6860186b3d45ac83890167258f83512955dbce65f072d4e8c310cb9de,5,True,,True,
1788389472.416951,5,1,ghcr.io/talmolab/lablink-client-base-image:linux-amd64-test@sha256:1ec2fde6860186b3d45ac83890167258f83512955dbce65f072d4e8c310cb9de,5,True,,True,
1788389477.494825,5,1,ghcr.io/talmolab/lablink-client-base-image:linux-amd64-test@sha256:1ec2fde6860186b3d45ac83890167258f83512955dbce65f072d4e8c310cb9de,5,True,,True,
1788389482.563864,5,1,ghcr.io/talmolab/lablink-client-base-image:linux-amd64-test@sha256:1ec2fde6860186b3d45ac83890167258f83512955dbce65f072d4e8c310cb9de,5,True,,True,
1788389487.4868338,5,1,ghcr.io/talmolab/lablink-client-base-image:linux-amd64-test@sha256:1ec2fde6860186b3d45ac83890167258f83512955dbce65f072d4e8c310cb9de,5,True,,True,
1788389492.521773,5,1,ghcr.io/talmolab/lablink-client-base-image:linux-amd64-test@sha256:1ec2fde6860186b3d45ac83890167258f83512955dbce65f072d4e8c310cb9de,5,True,,True,
1788389497.54552,5,1,ghcr.io/talmolab/lablink-client-base-image:linux-amd64-test@sha256:1ec2fde6860186b3d45ac83890167258f83512955dbce65f072d4e8c310cb9de,5,True,,True,
1788389502.519892,5,1,ghcr.io/talmolab/lablink-client-base-image:linux-amd64-test@sha256:1ec2fde6860186b3d45ac83890167258f83512955dbce65f072d4e8c310cb9de,5,True,,True,
1788389507.521098,5,1,ghcr.io/talmolab/lablink-client-base-image:linux-amd64-test@sha256:1ec2fde6860186b3d45ac83890167258f83512955dbce65f072d4e8c310cb9de,5,True,,True,
1788389512.4827242,5,1,ghcr.io/talmolab/lablink-client-base-image:linux-amd64-test@sha256:1ec2fde6860186b3d45ac83890167258f83512955dbce65f072d4e8c310cb9de,5,True,,True,
1788389517.521866,5,1,ghcr.io/talmolab/lablink-client-base-image:linux-amd64-test@sha256:1ec2fde6860186b3d45ac83890167258f83512955dbce65f072d4e8c310cb9de,5,True,,True,
1788389522.52795,5,1,ghcr.io/talmolab/lablink-client-base-image:linux-amd64-test@sha256:1ec2fde6860186b3d45ac83890167258f83512955dbce65f072d4e8c310cb9de,5,True,,True,
1788389527.618449,5,1,ghcr.io/talmolab/lablink-client-base-image:linux-amd64-test@sha256:1ec2fde6860186b3d45ac83890167258f83512955dbce65f072d4e8c310cb9de,5,True,,True,
1788389532.497706,5,1,ghcr.io/talmolab/lablink-client-base-image:linux-amd64-test@sha256:1ec2fde6860186b3d45ac83890167258f83512955dbce65f072d4e8c310cb9de,5,True,,True,
1788389537.610108,5,1,ghcr.io/talmolab/lablink-client-base-image:linux-amd64-test@sha256:1ec2fde6860186b3d45ac83890167258f83512955dbce65f072d4e8c310cb9de,5,True,,True,
1788389542.5384479,5,1,ghcr.io/talmolab/lablink-client-base-image:linux-amd64-test@sha256:1ec2fde6860186b3d45ac83890167258f83512955dbce65f072d4e8c310cb9de,5,True,,True,
1788389547.574694,5,1,ghcr.io/talmolab/lablink-client-base-image:linux-amd64-test@sha256:1ec2fde6860186b3d45ac83890167258f83512955dbce65f072d4e8c310cb9de,5,True,,True,
1788389552.601279,5,1,ghcr.io/talmolab/lablink-client-base-image:linux-amd64-test@sha256:1ec2fde6860186b3d45ac83890167258f83512955dbce65f072d4e8c310cb9de,5,True,,True,
1788389557.5405922,5,1,ghcr.io/talmolab/lablink-client-base-image:linux-amd64-test@sha256:1ec2fde6860186b3d45ac83890167258f83512955dbce65f072d4e8c310cb9de,5,True,,True,
1788389562.574073,5,1,ghcr.io/talmolab/lablink-client-base-image:linux-amd64-test@sha256:1ec2fde6860186b3d45ac83890167258f83512955dbce65f072d4e8c310cb9de,5,True,,True,
1788389567.535564,5,1,ghcr.io/talmolab/lablink-client-base-image:linux-amd64-test@sha256:1ec2fde6860186b3d45ac83890167258f83512955dbce65f072d4e8c310cb9de,5,True,,True,
1788389572.5808609,5,1,ghcr.io/talmolab/lablink-client-base-image:linux-amd64-test@sha256:1ec2fde6860186b3d45ac83890167258f83512955dbce65f072d4e8c310cb9de,5,True,,True,
1788389577.557597,5,1,ghcr.io/talmolab/lablink-client-base-image:linux-amd64-test@sha256:1ec2fde6860186b3d45ac83890167258f83512955dbce65f072d4e8c310cb9de,5,True,,True,
1788389582.5807092,5,1,ghcr.io/talmolab/lablink-client-base-image:linux-amd64-test@sha256:1ec2fde6860186b3d45ac83890167258f83512955dbce65f072d4e8c310cb9de,5,True,,True,
1788389587.521266,5,1,ghcr.io/talmolab/lablink-client-base-image:linux-amd64-test@sha256:1ec2fde6860186b3d45ac83890167258f83512955dbce65f072d4e8c310cb9de,5,True,,True,
1788389592.972509,5,1,ghcr.io/talmolab/lablink-client-base-image:linux-amd64-test@sha256:1ec2fde6860186b3d45ac83890167258f83512955dbce65f072d4e8c310cb9de,5,True,,True,
1788389597.576401,5,1,ghcr.io/talmolab/lablink-client-base-image:linux-amd64-test@sha256:1ec2fde6860186b3d45ac83890167258f83512955dbce65f072d4e8c310cb9de,5,True,,True,
1788389602.628674,5,1,ghcr.io/talmolab/lablink-client-base-image:linux-amd64-test@sha256:1ec2fde6860186b3d45ac83890167258f83512955dbce65f072d4e8c310cb9de,5,True,,True,
1788389607.653467,5,1,ghcr.io/talmolab/lablink-client-base-image:linux-amd64-test@sha256:1ec2fde6860186b3d45ac83890167258f83512955dbce65f072d4e8c310cb9de,5,True,,True,
1788389612.555079,5,1,ghcr.io/talmolab/lablink-client-base-image:linux-amd64-test@sha256:1ec2fde6860186b3d45ac83890167258f83512955dbce65f072d4e8c310cb9de,5,True,,True,
1788389617.6147468,5,1,ghcr.io/talmolab/lablink-client-base-image:linux-amd64-test@sha256:1ec2fde6860186b3d45ac83890167258f83512955dbce65f072d4e8c310cb9de,5,True,,True,
1788389622.585846,5,1,ghcr.io/talmolab/lablink-client-base-image:linux-amd64-test@sha256:1ec2fde6860186b3d45ac83890167258f83512955dbce65f072d4e8c310cb9de,5,True,,True,
1788389627.590883,5,1,ghcr.io/talmolab/lablink-client-base-image:linux-amd64-test@sha256:1ec2fde6860186b3d45ac83890167258f83512955dbce65f072d4e8c310cb9de,5,True,,True,
1788389632.514536,5,1,ghcr.io/talmolab/lablink-client-base-image:linux-amd64-test@sha256:1ec2fde6860186b3d45ac83890167258f83512955dbce65f072d4e8c310cb9de,5,True,,True,
1788389637.6113331,5,1,ghcr.io/talmolab/lablink-client-base-image:linux-amd64-test@sha256:1ec2fde6860186b3d45ac83890167258f83512955dbce65f072d4e8c310cb9de,5,True,,True,
1788389642.6380749,5,1,ghcr.io/talmolab/lablink-client-base-image:linux-amd64-test@sha256:1ec2fde6860186b3d45ac83890167258f83512955dbce65f072d4e8c310cb9de,5,True,,True,
1788389647.725301,5,1,ghcr.io/talmolab/lablink-client-base-image:linux-amd64-test@sha256:1ec2fde6860186b3d45ac83890167258f83512955dbce65f072d4e8c310cb9de,5,True,,True,
1788389652.653457,5,1,ghcr.io/talmolab/lablink-client-base-image:linux-amd64-test@sha256:1ec2fde6860186b3d45ac83890167258f83512955dbce65f072d4e8c310cb9de,5,True,,True,
1788389657.679179,5,1,ghcr.io/talmolab/lablink-client-base-image:linux-amd64-test@sha256:1ec2fde6860186b3d45ac83890167258f83512955dbce65f072d4e8c310cb9de,5,True,,True,
1788389662.5990589,5,1,ghcr.io/talmolab/lablink-client-base-image:linux-amd64-test@sha256:1ec2fde6860186b3d45ac83890167258f83512955dbce65f072d4e8c310cb9de,5,True,,True,
1788389667.648362,5,1,ghcr.io/talmolab/lablink-client-base-image:linux-amd64-test@sha256:1ec2fde6860186b3d45ac83890167258f83512955dbce65f072d4e8c310cb9de,5,True,,True,
1788389672.672569,5,1,ghcr.io/talmolab/lablink-client-base-image:linux-amd64-test@sha256:1ec2fde6860186b3d45ac83890167258f83512955dbce65f072d4e8c310cb9de,5,True,,True,
1788389677.6144152,5,1,ghcr.io/talmolab/lablink-client-base-image:linux-amd64-test@sha256:1ec2fde6860186b3d45ac83890167258f83512955dbce65f072d4e8c310cb9de,5,True,,True,
1788389682.643564,5,1,ghcr.io/talmolab/lablink-client-base-image:linux-amd64-test@sha256:1ec2fde6860186b3d45ac83890167258f83512955dbce65f072d4e8c310cb9de,5,True,,True,
1788389687.6753511,5,1,ghcr.io/talmolab/lablink-client-base-image:linux-amd64-test@sha256:1ec2fde6860186b3d45ac83890167258f83512955dbce65f072d4e8c310cb9de,5,True,,True,
1788389692.657467,5,1,ghcr.io/talmolab/lablink-client-base-image:linux-amd64-test@sha256:1ec2fde6860186b3d45ac83890167258f83512955dbce65f072d4e8c310cb9de,5,True,,True,
1788389697.6544719,5,1,ghcr.io/talmolab/lablink-client-base-image:linux-amd64-test@sha256:1ec2fde6860186b3d45ac83890167258f83512955dbce65f072d4e8c310cb9de,5,True,,True,
1788389702.742542,5,1,ghcr.io/talmolab/lablink-client-base-image:linux-amd64-test@sha256:1ec2fde6860186b3d45ac83890167258f83512955dbce65f072d4e8c310cb9de,5,True,,True,
1788389707.629845,5,1,ghcr.io/talmolab/lablink-client-base-image:linux-amd64-test@sha256:1ec2fde6860186b3d45ac83890167258f83512955dbce65f072d4e8c310cb9de,5,True,,True,
1788389712.754132,5,1,ghcr.io/talmolab/lablink-client-base-image:linux-amd64-test@sha256:1ec2fde6860186b3d45ac83890167258f83512955dbce65f072d4e8c310cb9de,5,True,,True,
1788389717.997617,5,1,ghcr.io/talmolab/lablink-client-base-image:linux-amd64-test@sha256:1ec2fde6860186b3d45ac83890167258f83512955dbce65f072d4e8c310cb9de,5,True,,True,
1788389722.702559,5,1,ghcr.io/talmolab/lablink-client-base-image:linux-amd64-test@sha256:1ec2fde6860186b3d45ac83890167258f83512955dbce65f072d4e8c310cb9de,5,True,,True,
1788389727.600448,5,1,ghcr.io/talmolab/lablink-client-base-image:linux-amd64-test@sha256:1ec2fde6860186b3d45ac83890167258f83512955dbce65f072d4e8c310cb9de,5,True,,True,
1788389732.662996,5,1,ghcr.io/talmolab/lablink-client-base-image:linux-amd64-test@sha256:1ec2fde6860186b3d45ac83890167258f83512955dbce65f072d4e8c310cb9de,5,True,,True,
1788389737.68498,5,1,ghcr.io/talmolab/lablink-client-base-image:linux-amd64-test@sha256:1ec2fde6860186b3d45ac83890167258f83512955dbce65f072d4e8c310cb9de,5,True,,True,
1788389742.617175,5,1,ghcr.io/talmolab/lablink-client-base-image:linux-amd64-test@sha256:1ec2fde6860186b3d45ac83890167258f83512955dbce65f072d4e8c310cb9de,5,True,,True,
1788389747.6672058,5,1,ghcr.io/talmolab/lablink-client-base-image:linux-amd64-test@sha256:1ec2fde6860186b3d45ac83890167258f83512955dbce65f072d4e8c310cb9de,5,True,,True,
1788389752.7146828,5,1,ghcr.io/talmolab/lablink-client-base-image:linux-amd64-test@sha256:1ec2fde6860186b3d45ac83890167258f83512955dbce65f072d4e8c310cb9de,5,True,,True,
1788389757.694633,5,1,ghcr.io/talmolab/lablink-client-base-image:linux-amd64-test@sha256:1ec2fde6860186b3d45ac83890167258f83512955dbce65f072d4e8c310cb9de,5,True,,True,
1788389762.671377,5,1,ghcr.io/talmolab/lablink-client-base-image:linux-amd64-test@sha256:1ec2fde6860186b3d45ac83890167258f83512955dbce65f072d4e8c310cb9de,5,True,,True,
1788389767.767056,5,1,ghcr.io/talmolab/lablink-client-base-image:linux-amd64-test@sha256:1ec2fde6860186b3d45ac83890167258f83512955dbce65f072d4e8c310cb9de,5,True,,True,
1788389772.705195,5,1,ghcr.io/talmolab/lablink-client-base-image:linux-amd64-test@sha256:1ec2fde6860186b3d45ac83890167258f83512955dbce65f072d4e8c310cb9de,5,True,,True,
1788389777.7564778,5,1,ghcr.io/talmolab/lablink-client-base-image:linux-amd64-test@sha256:1ec2fde6860186b3d45ac83890167258f83512955dbce65f072d4e8c310cb9de,5,True,,True,
1788389782.6751628,5,1,ghcr.io/talmolab/lablink-client-base-image:linux-amd64-test@sha256:1ec2fde6860186b3d45ac83890167258f83512955dbce65f072d4e8c310cb9de,5,True,,True,
1788389787.690005,5,1,ghcr.io/talmolab/lablink-client-base-image:linux-amd64-test@sha256:1ec2fde6860186b3d45ac83890167258f83512955dbce65f072d4e8c310cb9de,5,True,,True,
1788389792.7411578,5,1,ghcr.io/talmolab/lablink-client-base-image:linux-amd64-test@sha256:1ec2fde6860186b3d45ac83890167258f83512955dbce65f072d4e8c310cb9de,5,True,,True,
1788389797.708114,5,1,ghcr.io/talmolab/lablink-client-base-image:linux-amd64-test@sha256:1ec2fde6860186b3d45ac83890167258f83512955dbce65f072d4e8c310cb9de,5,True,,True,
1788389802.7195551,5,1,ghcr.io/talmolab/lablink-client-base-image:linux-amd64-test@sha256:1ec2fde6860186b3d45ac83890167258f83512955dbce65f072d4e8c310cb9de,5,True,,True,
1788389807.676169,5,1,ghcr.io/talmolab/lablink-client-base-image:linux-amd64-test@sha256:1ec2fde6860186b3d45ac83890167258f83512955dbce65f072d4e8c310cb9de,5,True,,True,
1788389812.848344,5,1,ghcr.io/talmolab/lablink-client-base-image:linux-amd64-test@sha256:1ec2fde6860186b3d45ac83890167258f83512955dbce65f072d4e8c310cb9de,5,True,,True,
1788389817.726031,5,1,ghcr.io/talmolab/lablink-client-base-image:linux-amd64-test@sha256:1ec2fde6860186b3d45ac83890167258f83512955dbce65f072d4e8c310cb9de,5,True,,True,
1788389822.8462012,5,1,ghcr.io/talmolab/lablink-client-base-image:linux-amd64-test@sha256:1ec2fde6860186b3d45ac83890167258f83512955dbce65f072d4e8c310cb9de,5,True,,True,
1788389827.7136781,5,1,ghcr.io/talmolab/lablink-client-base-image:linux-amd64-test@sha256:1ec2fde6860186b3d45ac83890167258f83512955dbce65f072d4e8c310cb9de,5,True,,True,
1788389832.814223,5,1,ghcr.io/talmolab/lablink-client-base-image:linux-amd64-test@sha256:1ec2fde6860186b3d45ac83890167258f83512955dbce65f072d4e8c310cb9de,5,True,,True,
1788389837.833471,5,1,ghcr.io/talmolab/lablink-client-base-image:linux-amd64-test@sha256:1ec2fde6860186b3d45ac83890167258f83512955dbce65f072d4e8c310cb9de,5,True,,True,
1788389843.076143,5,1,ghcr.io/talmolab/lablink-client-base-image:linux-amd64-test@sha256:1ec2fde6860186b3d45ac83890167258f83512955dbce65f072d4e8c310cb9de,5,True,,True,
1788389847.79372,5,1,ghcr.io/talmolab/lablink-client-base-image:linux-amd64-test@sha256:1ec2fde6860186b3d45ac83890167258f83512955dbce65f072d4e8c310cb9de,5,True,,True,
1788389852.7371242,5,1,ghcr.io/talmolab/lablink-client-base-image:linux-amd64-test@sha256:1ec2fde6860186b3d45ac83890167258f83512955dbce65f072d4e8c310cb9de,5,True,,True,
1788389857.775747,5,1,ghcr.io/talmolab/lablink-client-base-image:linux-amd64-test@sha256:1ec2fde6860186b3d45ac83890167258f83512955dbce65f072d4e8c310cb9de,5,True,,True,
1788389862.783835,5,1,ghcr.io/talmolab/lablink-client-base-image:linux-amd64-test@sha256:1ec2fde6860186b3d45ac83890167258f83512955dbce65f072d4e8c310cb9de,5,True,,True,
1788389867.8012218,5,1,ghcr.io/talmolab/lablink-client-base-image:linux-amd64-test@sha256:1ec2fde6860186b3d45ac83890167258f83512955dbce65f072d4e8c310cb9de,5,True,,True,
1788389872.794133,5,1,ghcr.io/talmolab/lablink-client-base-image:linux-amd64-test@sha256:1ec2fde6860186b3d45ac83890167258f83512955dbce65f072d4e8c310cb9de,5,True,,True,
1788389877.867743,5,1,ghcr.io/talmolab/lablink-client-base-image:linux-amd64-test@sha256:1ec2fde6860186b3d45ac83890167258f83512955dbce65f072d4e8c310cb9de,5,True,,True,
1788389882.811151,5,1,ghcr.io/talmolab/lablink-client-base-image:linux-amd64-test@sha256:1ec2fde6860186b3d45ac83890167258f83512955dbce65f072d4e8c310cb9de,5,True,,True,
1788389887.858017,5,1,ghcr.io/talmolab/lablink-client-base-image:linux-amd64-test@sha256:1ec2fde6860186b3d45ac83890167258f83512955dbce65f072d4e8c310cb9de,5,True,,True,
1788389892.8886771,5,1,ghcr.io/talmolab/lablink-client-base-image:linux-amd64-test@sha256:1ec2fde6860186b3d45ac83890167258f83512955dbce65f072d4e8c310cb9de,5,True,,True,
1788389897.817577,5,1,ghcr.io/talmolab/lablink-client-base-image:linux-amd64-test@sha256:1ec2fde6860186b3d45ac83890167258f83512955dbce65f072d4e8c310cb9de,5,True,,True,
1788389902.739029,5,1,ghcr.io/talmolab/lablink-client-base-image:linux-amd64-test@sha256:1ec2fde6860186b3d45ac83890167258f83512955dbce65f072d4e8c310cb9de,5,True,,True,
1788389907.8785112,5,1,ghcr.io/talmolab/lablink-client-base-image:linux-amd64-test@sha256:1ec2fde6860186b3d45ac83890167258f83512955dbce65f072d4e8c310cb9de,5,True,,True,
1788389912.9051971,5,1,ghcr.io/talmolab/lablink-client-base-image:linux-amd64-test@sha256:1ec2fde6860186b3d45ac83890167258f83512955dbce65f072d4e8c310cb9de,5,True,,True,
1788389917.8381069,5,1,ghcr.io/talmolab/lablink-client-base-image:linux-amd64-test@sha256:1ec2fde6860186b3d45ac83890167258f83512955dbce65f072d4e8c310cb9de,5,True,,True,
1788389922.8335118,5,1,ghcr.io/talmolab/lablink-client-base-image:linux-amd64-test@sha256:1ec2fde6860186b3d45ac83890167258f83512955dbce65f072d4e8c310cb9de,5,True,,True,
1788389928.0320792,5,1,ghcr.io/talmolab/lablink-client-base-image:linux-amd64-test@sha256:1ec2fde6860186b3d45ac83890167258f83512955dbce65f072d4e8c310cb9de,5,True,,True,
1788389932.8100429,5,1,ghcr.io/talmolab/lablink-client-base-image:linux-amd64-test@sha256:1ec2fde6860186b3d45ac83890167258f83512955dbce65f072d4e8c310cb9de,5,True,,True,
1788389937.828341,5,1,ghcr.io/talmolab/lablink-client-base-image:linux-amd64-test@sha256:1ec2fde6860186b3d45ac83890167258f83512955dbce65f072d4e8c310cb9de,5,True,,True,
1788389942.9107919,5,1,ghcr.io/talmolab/lablink-client-base-image:linux-amd64-test@sha256:1ec2fde6860186b3d45ac83890167258f83512955dbce65f072d4e8c310cb9de,5,True,,True,
1788389947.834388,5,1,ghcr.io/talmolab/lablink-client-base-image:linux-amd64-test@sha256:1ec2fde6860186b3d45ac83890167258f83512955dbce65f072d4e8c310cb9de,5,True,,True,
1788389952.8846312,5,1,ghcr.io/talmolab/lablink-client-base-image:linux-amd64-test@sha256:1ec2fde6860186b3d45ac83890167258f83512955dbce65f072d4e8c310cb9de,5,True,,True,
1788389957.787494,5,1,ghcr.io/talmolab/lablink-client-base-image:linux-amd64-test@sha256:1ec2fde6860186b3d45ac83890167258f83512955dbce65f072d4e8c310cb9de,5,True,,True,
1788389962.869888,5,1,ghcr.io/talmolab/lablink-client-base-image:linux-amd64-test@sha256:1ec2fde6860186b3d45ac83890167258f83512955dbce65f072d4e8c310cb9de,5,True,,True,
1788389968.23958,5,1,ghcr.io/talmolab/lablink-client-base-image:linux-amd64-test@sha256:1ec2fde6860186b3d45ac83890167258f83512955dbce65f072d4e8c310cb9de,5,True,,True,
1788389972.970724,5,1,ghcr.io/talmolab/lablink-client-base-image:linux-amd64-test@sha256:1ec2fde6860186b3d45ac83890167258f83512955dbce65f072d4e8c310cb9de,5,True,,True,
1788389977.852897,5,1,ghcr.io/talmolab/lablink-client-base-image:linux-amd64-test@sha256:1ec2fde6860186b3d45ac83890167258f83512955dbce65f072d4e8c310cb9de,5,True,,True,
1788389982.84499,5,1,ghcr.io/talmolab/lablink-client-base-image:linux-amd64-test@sha256:1ec2fde6860186b3d45ac83890167258f83512955dbce65f072d4e8c310cb9de,5,True,,True,
1788389987.859599,5,1,ghcr.io/talmolab/lablink-client-base-image:linux-amd64-test@sha256:1ec2fde6860186b3d45ac83890167258f83512955dbce65f072d4e8c310cb9de,5,True,,True,
1788389992.848449,5,1,ghcr.io/talmolab/lablink-client-base-image:linux-amd64-test@sha256:1ec2fde6860186b3d45ac83890167258f83512955dbce65f072d4e8c310cb9de,5,True,,True,
1788389997.93628,5,1,ghcr.io/talmolab/lablink-client-base-image:linux-amd64-test@sha256:1ec2fde6860186b3d45ac83890167258f83512955dbce65f072d4e8c310cb9de,5,True,,True,
1788390002.893523,5,1,ghcr.io/talmolab/lablink-client-base-image:linux-amd64-test@sha256:1ec2fde6860186b3d45ac83890167258f83512955dbce65f072d4e8c310cb9de,5,True,,True,
1788390007.89168,5,1,ghcr.io/talmolab/lablink-client-base-image:linux-amd64-test@sha256:1ec2fde6860186b3d45ac83890167258f83512955dbce65f072d4e8c310cb9de,5,True,,True,
1788390012.817156,5,1,ghcr.io/talmolab/lablink-client-base-image:linux-amd64-test@sha256:1ec2fde6860186b3d45ac83890167258f83512955dbce65f072d4e8c310cb9de,5,True,,True,
1788390017.892713,5,1,ghcr.io/talmolab/lablink-client-base-image:linux-amd64-test@sha256:1ec2fde6860186b3d45ac83890167258f83512955dbce65f072d4e8c310cb9de,5,True,,True,
1788390022.908869,5,1,ghcr.io/talmolab/lablink-client-base-image:linux-amd64-test@sha256:1ec2fde6860186b3d45ac83890167258f83512955dbce65f072d4e8c310cb9de,5,True,,True,
1788390027.886132,5,1,ghcr.io/talmolab/lablink-client-base-image:linux-amd64-test@sha256:1ec2fde6860186b3d45ac83890167258f83512955dbce65f072d4e8c310cb9de,5,True,,True,
1788390032.9989078,5,1,ghcr.io/talmolab/lablink-client-base-image:linux-amd64-test@sha256:1ec2fde6860186b3d45ac83890167258f83512955dbce65f072d4e8c310cb9de,5,True,,True,
1788390037.9107049,5,1,ghcr.io/talmolab/lablink-client-base-image:linux-amd64-test@sha256:1ec2fde6860186b3d45ac83890167258f83512955dbce65f072d4e8c310cb9de,5,True,,True,
1788390042.869364,5,1,ghcr.io/talmolab/lablink-client-base-image:linux-amd64-test@sha256:1ec2fde6860186b3d45ac83890167258f83512955dbce65f072d4e8c310cb9de,5,True,,True,
1788390047.890267,5,1,ghcr.io/talmolab/lablink-client-base-image:linux-amd64-test@sha256:1ec2fde6860186b3d45ac83890167258f83512955dbce65f072d4e8c310cb9de,5,True,,True,
1788390053.017568,5,1,ghcr.io/talmolab/lablink-client-base-image:linux-amd64-test@sha256:1ec2fde6860186b3d45ac83890167258f83512955dbce65f072d4e8c310cb9de,5,True,,True,
1788390058.037419,5,1,ghcr.io/talmolab/lablink-client-base-image:linux-amd64-test@sha256:1ec2fde6860186b3d45ac83890167258f83512955dbce65f072d4e8c310cb9de,5,True,,True,
1788390062.974601,5,1,ghcr.io/talmolab/lablink-client-base-image:linux-amd64-test@sha256:1ec2fde6860186b3d45ac83890167258f83512955dbce65f072d4e8c310cb9de,5,True,,True,
1788390067.866931,5,1,ghcr.io/talmolab/lablink-client-base-image:linux-amd64-test@sha256:1ec2fde6860186b3d45ac83890167258f83512955dbce65f072d4e8c310cb9de,5,True,,True,
1788390072.941324,5,1,ghcr.io/talmolab/lablink-client-base-image:linux-amd64-test@sha256:1ec2fde6860186b3d45ac83890167258f83512955dbce65f072d4e8c310cb9de,5,True,,True,
1788390078.017663,5,1,ghcr.io/talmolab/lablink-client-base-image:linux-amd64-test@sha256:1ec2fde6860186b3d45ac83890167258f83512955dbce65f072d4e8c310cb9de,5,True,,True,
1788390082.95222,5,1,ghcr.io/talmolab/lablink-client-base-image:linux-amd64-test@sha256:1ec2fde6860186b3d45ac83890167258f83512955dbce65f072d4e8c310cb9de,5,True,,True,
1788390087.9780018,5,1,ghcr.io/talmolab/lablink-client-base-image:linux-amd64-test@sha256:1ec2fde6860186b3d45ac83890167258f83512955dbce65f072d4e8c310cb9de,5,True,,True,
1788390093.522897,5,1,ghcr.io/talmolab/lablink-client-base-image:linux-amd64-test@sha256:1ec2fde6860186b3d45ac83890167258f83512955dbce65f072d4e8c310cb9de,5,True,,True,
1788390097.969432,5,1,ghcr.io/talmolab/lablink-client-base-image:linux-amd64-test@sha256:1ec2fde6860186b3d45ac83890167258f83512955dbce65f072d4e8c310cb9de,5,True,,True,
1788390102.93956,5,1,ghcr.io/talmolab/lablink-client-base-image:linux-amd64-test@sha256:1ec2fde6860186b3d45ac83890167258f83512955dbce65f072d4e8c310cb9de,5,True,,True,
1788390107.927216,5,1,ghcr.io/talmolab/lablink-client-base-image:linux-amd64-test@sha256:1ec2fde6860186b3d45ac83890167258f83512955dbce65f072d4e8c310cb9de,5,True,,True,
1788390112.928849,5,1,ghcr.io/talmolab/lablink-client-base-image:linux-amd64-test@sha256:1ec2fde6860186b3d45ac83890167258f83512955dbce65f072d4e8c310cb9de,5,True,,True,
1788390118.032316,5,1,ghcr.io/talmolab/lablink-client-base-image:linux-amd64-test@sha256:1ec2fde6860186b3d45ac83890167258f83512955dbce65f072d4e8c310cb9de,5,True,,True,
1788390123.047086,5,1,ghcr.io/talmolab/lablink-client-base-image:linux-amd64-test@sha256:1ec2fde6860186b3d45ac83890167258f83512955dbce65f072d4e8c310cb9de,5,True,,True,
1788390127.995649,5,1,ghcr.io/talmolab/lablink-client-base-image:linux-amd64-test@sha256:1ec2fde6860186b3d45ac83890167258f83512955dbce65f072d4e8c310cb9de,5,True,,True,
1788390133.010884,5,1,ghcr.io/talmolab/lablink-client-base-image:linux-amd64-test@sha256:1ec2fde6860186b3d45ac83890167258f83512955dbce65f072d4e8c310cb9de,5,True,,True,
1788390137.952139,5,1,ghcr.io/talmolab/lablink-client-base-image:linux-amd64-test@sha256:1ec2fde6860186b3d45ac83890167258f83512955dbce65f072d4e8c310cb9de,5,True,,True,
1788390142.994097,5,1,ghcr.io/talmolab/lablink-client-base-image:linux-amd64-test@sha256:1ec2fde6860186b3d45ac83890167258f83512955dbce65f072d4e8c310cb9de,5,True,,True,
1788390147.985465,5,1,ghcr.io/talmolab/lablink-client-base-image:linux-amd64-test@sha256:1ec2fde6860186b3d45ac83890167258f83512955dbce65f072d4e8c310cb9de,5,True,,True,
1788390153.004968,5,1,ghcr.io/talmolab/lablink-client-base-image:linux-amd64-test@sha256:1ec2fde6860186b3d45ac83890167258f83512955dbce65f072d4e8c310cb9de,5,True,,True,
1788390157.980272,5,1,ghcr.io/talmolab/lablink-client-base-image:linux-amd64-test@sha256:1ec2fde6860186b3d45ac83890167258f83512955dbce65f072d4e8c310cb9de,5,True,,True,
1788390163.067384,5,1,ghcr.io/talmolab/lablink-client-base-image:linux-amd64-test@sha256:1ec2fde6860186b3d45ac83890167258f83512955dbce65f072d4e8c310cb9de,5,True,,True,
1788390167.9904058,5,1,ghcr.io/talmolab/lablink-client-base-image:linux-amd64-test@sha256:1ec2fde6860186b3d45ac83890167258f83512955dbce65f072d4e8c310cb9de,5,True,,True,
1788390173.02795,5,1,ghcr.io/talmolab/lablink-client-base-image:linux-amd64-test@sha256:1ec2fde6860186b3d45ac83890167258f83512955dbce65f072d4e8c310cb9de,5,True,,True,
1788390178.058495,5,1,ghcr.io/talmolab/lablink-client-base-image:linux-amd64-test@sha256:1ec2fde6860186b3d45ac83890167258f83512955dbce65f072d4e8c310cb9de,5,True,,True,
1788390182.994059,5,1,ghcr.io/talmolab/lablink-client-base-image:linux-amd64-test@sha256:1ec2fde6860186b3d45ac83890167258f83512955dbce65f072d4e8c310cb9de,5,True,,True,
1788390188.03392,5,1,ghcr.io/talmolab/lablink-client-base-image:linux-amd64-test@sha256:1ec2fde6860186b3d45ac83890167258f83512955dbce65f072d4e8c310cb9de,5,True,,True,
1788390192.9807,5,1,ghcr.io/talmolab/lablink-client-base-image:linux-amd64-test@sha256:1ec2fde6860186b3d45ac83890167258f83512955dbce65f072d4e8c310cb9de,5,True,,True,
1788390198.0174348,5,1,ghcr.io/talmolab/lablink-client-base-image:linux-amd64-test@sha256:1ec2fde6860186b3d45ac83890167258f83512955dbce65f072d4e8c310cb9de,5,True,,True,
1788390203.006542,5,1,ghcr.io/talmolab/lablink-client-base-image:linux-amd64-test@sha256:1ec2fde6860186b3d45ac83890167258f83512955dbce65f072d4e8c310cb9de,5,True,,True,
1788390208.0222101,5,1,ghcr.io/talmolab/lablink-client-base-image:linux-amd64-test@sha256:1ec2fde6860186b3d45ac83890167258f83512955dbce65f072d4e8c310cb9de,5,True,,True,
1788390213.01035,5,1,ghcr.io/talmolab/lablink-client-base-image:linux-amd64-test@sha256:1ec2fde6860186b3d45ac83890167258f83512955dbce65f072d4e8c310cb9de,5,True,,True,
1788390218.453797,5,1,ghcr.io/talmolab/lablink-client-base-image:linux-amd64-test@sha256:1ec2fde6860186b3d45ac83890167258f83512955dbce65f072d4e8c310cb9de,5,True,,True,
1788390223.046976,5,1,ghcr.io/talmolab/lablink-client-base-image:linux-amd64-test@sha256:1ec2fde6860186b3d45ac83890167258f83512955dbce65f072d4e8c310cb9de,5,True,,True,
1788390228.079648,5,1,ghcr.io/talmolab/lablink-client-base-image:linux-amd64-test@sha256:1ec2fde6860186b3d45ac83890167258f83512955dbce65f072d4e8c310cb9de,5,True,,True,
1788390232.980337,5,1,ghcr.io/talmolab/lablink-client-base-image:linux-amd64-test@sha256:1ec2fde6860186b3d45ac83890167258f83512955dbce65f072d4e8c310cb9de,5,True,,True,
1788390238.035226,5,1,ghcr.io/talmolab/lablink-client-base-image:linux-amd64-test@sha256:1ec2fde6860186b3d45ac83890167258f83512955dbce65f072d4e8c310cb9de,5,True,,True,
1788390243.062036,5,1,ghcr.io/talmolab/lablink-client-base-image:linux-amd64-test@sha256:1ec2fde6860186b3d45ac83890167258f83512955dbce65f072d4e8c310cb9de,5,True,,True,
1788390248.045088,5,1,ghcr.io/talmolab/lablink-client-base-image:linux-amd64-test@sha256:1ec2fde6860186b3d45ac83890167258f83512955dbce65f072d4e8c310cb9de,5,True,,True,
1788390253.042012,5,1,ghcr.io/talmolab/lablink-client-base-image:linux-amd64-test@sha256:1ec2fde6860186b3d45ac83890167258f83512955dbce65f072d4e8c310cb9de,5,True,,True,
1788390257.992974,5,1,ghcr.io/talmolab/lablink-client-base-image:linux-amd64-test@sha256:1ec2fde6860186b3d45ac83890167258f83512955dbce65f072d4e8c310cb9de,5,True,,True,
1788390263.062119,5,1,ghcr.io/talmolab/lablink-client-base-image:linux-amd64-test@sha256:1ec2fde6860186b3d45ac83890167258f83512955dbce65f072d4e8c310cb9de,5,True,,True,
1788390268.059813,5,1,ghcr.io/talmolab/lablink-client-base-image:linux-amd64-test@sha256:1ec2fde6860186b3d45ac83890167258f83512955dbce65f072d4e8c310cb9de,5,True,,True,
1788390273.173524,5,1,ghcr.io/talmolab/lablink-client-base-image:linux-amd64-test@sha256:1ec2fde6860186b3d45ac83890167258f83512955dbce65f072d4e8c310cb9de,5,True,,True,
1788390278.070394,5,1,ghcr.io/talmolab/lablink-client-base-image:linux-amd64-test@sha256:1ec2fde6860186b3d45ac83890167258f83512955dbce65f072d4e8c310cb9de,5,True,,True,
1788390283.127976,5,1,ghcr.io/talmolab/lablink-client-base-image:linux-amd64-test@sha256:1ec2fde6860186b3d45ac83890167258f83512955dbce65f072d4e8c310cb9de,5,True,,True,
1788390288.0400598,5,1,ghcr.io/talmolab/lablink-client-base-image:linux-amd64-test@sha256:1ec2fde6860186b3d45ac83890167258f83512955dbce65f072d4e8c310cb9de,5,True,,True,
1788390293.091296,5,1,ghcr.io/talmolab/lablink-client-base-image:linux-amd64-test@sha256:1ec2fde6860186b3d45ac83890167258f83512955dbce65f072d4e8c310cb9de,5,True,,True,
1788390298.112182,5,1,ghcr.io/talmolab/lablink-client-base-image:linux-amd64-test@sha256:1ec2fde6860186b3d45ac83890167258f83512955dbce65f072d4e8c310cb9de,5,True,,True,
1788390303.0603719,5,1,ghcr.io/talmolab/lablink-client-base-image:linux-amd64-test@sha256:1ec2fde6860186b3d45ac83890167258f83512955dbce65f072d4e8c310cb9de,5,True,,True,
1788390308.071218,5,1,ghcr.io/talmolab/lablink-client-base-image:linux-amd64-test@sha256:1ec2fde6860186b3d45ac83890167258f83512955dbce65f072d4e8c310cb9de,5,True,,True,
1788390313.1402519,5,1,ghcr.io/talmolab/lablink-client-base-image:linux-amd64-test@sha256:1ec2fde6860186b3d45ac83890167258f83512955dbce65f072d4e8c310cb9de,5,True,,True,
1788390318.122,5,1,ghcr.io/talmolab/lablink-client-base-image:linux-amd64-test@sha256:1ec2fde6860186b3d45ac83890167258f83512955dbce65f072d4e8c310cb9de,5,True,,True,
1788390323.092588,5,1,ghcr.io/talmolab/lablink-client-base-image:linux-amd64-test@sha256:1ec2fde6860186b3d45ac83890167258f83512955dbce65f072d4e8c310cb9de,5,True,,True,
1788390328.2001321,5,1,ghcr.io/talmolab/lablink-client-base-image:linux-amd64-test@sha256:1ec2fde6860186b3d45ac83890167258f83512955dbce65f072d4e8c310cb9de,5,True,,True,
1788390333.0924768,5,1,ghcr.io/talmolab/lablink-client-base-image:linux-amd64-test@sha256:1ec2fde6860186b3d45ac83890167258f83512955dbce65f072d4e8c310cb9de,5,True,,True,
1788390338.249423,5,1,ghcr.io/talmolab/lablink-client-base-image:linux-amd64-test@sha256:1ec2fde6860186b3d45ac83890167258f83512955dbce65f072d4e8c310cb9de,5,True,,True,
1788390343.7752478,5,1,ghcr.io/talmolab/lablink-client-base-image:linux-amd64-test@sha256:1ec2fde6860186b3d45ac83890167258f83512955dbce65f072d4e8c310cb9de,5,True,,True,
1788390348.284584,5,1,ghcr.io/talmolab/lablink-client-base-image:linux-amd64-test@sha256:1ec2fde6860186b3d45ac83890167258f83512955dbce65f072d4e8c310cb9de,5,True,,True,
1788390353.280843,5,1,ghcr.io/talmolab/lablink-client-base-image:linux-amd64-test@sha256:1ec2fde6860186b3d45ac83890167258f83512955dbce65f072d4e8c310cb9de,5,True,,True,
1788390358.172881,5,1,ghcr.io/talmolab/lablink-client-base-image:linux-amd64-test@sha256:1ec2fde6860186b3d45ac83890167258f83512955dbce65f072d4e8c310cb9de,5,True,,True,
1788390363.138023,5,1,ghcr.io/talmolab/lablink-client-base-image:linux-amd64-test@sha256:1ec2fde6860186b3d45ac83890167258f83512955dbce65f072d4e8c310cb9de,5,True,,True,
1788390368.110966,5,1,ghcr.io/talmolab/lablink-client-base-image:linux-amd64-test@sha256:1ec2fde6860186b3d45ac83890167258f83512955dbce65f072d4e8c310cb9de,5,True,,True,
1788390373.129432,5,1,ghcr.io/talmolab/lablink-client-base-image:linux-amd64-test@sha256:1ec2fde6860186b3d45ac83890167258f83512955dbce65f072d4e8c310cb9de,5,True,,True,
1788390378.172831,5,1,ghcr.io/talmolab/lablink-client-base-image:linux-amd64-test@sha256:1ec2fde6860186b3d45ac83890167258f83512955dbce65f072d4e8c310cb9de,5,True,,True,
1788390383.119348,5,1,ghcr.io/talmolab/lablink-client-base-image:linux-amd64-test@sha256:1ec2fde6860186b3d45ac83890167258f83512955dbce65f072d4e8c310cb9de,5,True,,True,
1788390388.15412,5,1,ghcr.io/talmolab/lablink-client-base-image:linux-amd64-test@sha256:1ec2fde6860186b3d45ac83890167258f83512955dbce65f072d4e8c310cb9de,5,True,,True,
1788390393.195714,5,1,ghcr.io/talmolab/lablink-client-base-image:linux-amd64-test@sha256:1ec2fde6860186b3d45ac83890167258f83512955dbce65f072d4e8c310cb9de,5,True,,True,
1788390398.2528589,5,1,ghcr.io/talmolab/lablink-client-base-image:linux-amd64-test@sha256:1ec2fde6860186b3d45ac83890167258f83512955dbce65f072d4e8c310cb9de,5,True,,True,
1788390403.193354,5,1,ghcr.io/talmolab/lablink-client-base-image:linux-amd64-test@sha256:1ec2fde6860186b3d45ac83890167258f83512955dbce65f072d4e8c310cb9de,5,True,,True,
1788390408.210017,5,1,ghcr.io/talmolab/lablink-client-base-image:linux-amd64-test@sha256:1ec2fde6860186b3d45ac83890167258f83512955dbce65f072d4e8c310cb9de,5,True,,True,
1788390413.152574,5,1,ghcr.io/talmolab/lablink-client-base-image:linux-amd64-test@sha256:1ec2fde6860186b3d45ac83890167258f83512955dbce65f072d4e8c310cb9de,5,True,,True,
1788390418.1751318,5,1,ghcr.io/talmolab/lablink-client-base-image:linux-amd64-test@sha256:1ec2fde6860186b3d45ac83890167258f83512955dbce65f072d4e8c310cb9de,5,True,,True,
1788390423.1126919,5,1,ghcr.io/talmolab/lablink-client-base-image:linux-amd64-test@sha256:1ec2fde6860186b3d45ac83890167258f83512955dbce65f072d4e8c310cb9de,5,True,,True,
1788390428.145283,5,1,ghcr.io/talmolab/lablink-client-base-image:linux-amd64-test@sha256:1ec2fde6860186b3d45ac83890167258f83512955dbce65f072d4e8c310cb9de,5,True,,True,
1788390433.158057,5,1,ghcr.io/talmolab/lablink-client-base-image:linux-amd64-test@sha256:1ec2fde6860186b3d45ac83890167258f83512955dbce65f072d4e8c310cb9de,5,True,,True,
1788390438.282273,5,1,ghcr.io/talmolab/lablink-client-base-image:linux-amd64-test@sha256:1ec2fde6860186b3d45ac83890167258f83512955dbce65f072d4e8c310cb9de,5,True,,True,
1788390443.159779,5,1,ghcr.io/talmolab/lablink-client-base-image:linux-amd64-test@sha256:1ec2fde6860186b3d45ac83890167258f83512955dbce65f072d4e8c310cb9de,5,True,,True,
1788390448.286687,5,1,ghcr.io/talmolab/lablink-client-base-image:linux-amd64-test@sha256:1ec2fde6860186b3d45ac83890167258f83512955dbce65f072d4e8c310cb9de,5,True,,True,
1788390453.196602,5,1,ghcr.io/talmolab/lablink-client-base-image:linux-amd64-test@sha256:1ec2fde6860186b3d45ac83890167258f83512955dbce65f072d4e8c310cb9de,5,True,,True,
1788390458.2411132,5,1,ghcr.io/talmolab/lablink-client-base-image:linux-amd64-test@sha256:1ec2fde6860186b3d45ac83890167258f83512955dbce65f072d4e8c310cb9de,5,True,,True,
1788390463.1580958,5,1,ghcr.io/talmolab/lablink-client-base-image:linux-amd64-test@sha256:1ec2fde6860186b3d45ac83890167258f83512955dbce65f072d4e8c310cb9de,5,True,,True,
1788390468.50819,5,1,ghcr.io/talmolab/lablink-client-base-image:linux-amd64-test@sha256:1ec2fde6860186b3d45ac83890167258f83512955dbce65f072d4e8c310cb9de,5,True,,True,
1788390473.26312,5,1,ghcr.io/talmolab/lablink-client-base-image:linux-amd64-test@sha256:1ec2fde6860186b3d45ac83890167258f83512955dbce65f072d4e8c310cb9de,5,True,,True,
1788390478.161422,5,1,ghcr.io/talmolab/lablink-client-base-image:linux-amd64-test@sha256:1ec2fde6860186b3d45ac83890167258f83512955dbce65f072d4e8c310cb9de,5,True,,True,
1788390483.1997728,5,1,ghcr.io/talmolab/lablink-client-base-image:linux-amd64-test@sha256:1ec2fde6860186b3d45ac83890167258f83512955dbce65f072d4e8c310cb9de,5,True,,True,
1788390488.209892,5,1,ghcr.io/talmolab/lablink-client-base-image:linux-amd64-test@sha256:1ec2fde6860186b3d45ac83890167258f83512955dbce65f072d4e8c310cb9de,5,True,,True,
1788390493.2067258,5,1,ghcr.io/talmolab/lablink-client-base-image:linux-amd64-test@sha256:1ec2fde6860186b3d45ac83890167258f83512955dbce65f072d4e8c310cb9de,5,True,,True,
1788390498.234692,5,1,ghcr.io/talmolab/lablink-client-base-image:linux-amd64-test@sha256:1ec2fde6860186b3d45ac83890167258f83512955dbce65f072d4e8c310cb9de,5,True,,True,
1788390503.327839,5,1,ghcr.io/talmolab/lablink-client-base-image:linux-amd64-test@sha256:1ec2fde6860186b3d45ac83890167258f83512955dbce65f072d4e8c310cb9de,5,True,,True,
1788390508.2099872,5,1,ghcr.io/talmolab/lablink-client-base-image:linux-amd64-test@sha256:1ec2fde6860186b3d45ac83890167258f83512955dbce65f072d4e8c310cb9de,5,True,,True,
1788390513.3048651,5,1,ghcr.io/talmolab/lablink-client-base-image:linux-amd64-test@sha256:1ec2fde6860186b3d45ac83890167258f83512955dbce65f072d4e8c310cb9de,5,True,,True,
1788390518.146322,5,1,ghcr.io/talmolab/lablink-client-base-image:linux-amd64-test@sha256:1ec2fde6860186b3d45ac83890167258f83512955dbce65f072d4e8c310cb9de,5,True,,True,
1788390523.253553,5,1,ghcr.io/talmolab/lablink-client-base-image:linux-amd64-test@sha256:1ec2fde6860186b3d45ac83890167258f83512955dbce65f072d4e8c310cb9de,5,True,,True,
1788390528.277055,5,1,ghcr.io/talmolab/lablink-client-base-image:linux-amd64-test@sha256:1ec2fde6860186b3d45ac83890167258f83512955dbce65f072d4e8c310cb9de,5,True,,True,
1788390533.223563,5,1,ghcr.io/talmolab/lablink-client-base-image:linux-amd64-test@sha256:1ec2fde6860186b3d45ac83890167258f83512955dbce65f072d4e8c310cb9de,5,True,,True,
1788390538.2387,5,1,ghcr.io/talmolab/lablink-client-base-image:linux-amd64-test@sha256:1ec2fde6860186b3d45ac83890167258f83512955dbce65f072d4e8c310cb9de,5,True,,True,
1788390543.217012,5,1,ghcr.io/talmolab/lablink-client-base-image:linux-amd64-test@sha256:1ec2fde6860186b3d45ac83890167258f83512955dbce65f072d4e8c310cb9de,5,True,,True,
1788390548.255637,5,1,ghcr.io/talmolab/lablink-client-base-image:linux-amd64-test@sha256:1ec2fde6860186b3d45ac83890167258f83512955dbce65f072d4e8c310cb9de,5,True,,True,
1788390553.2620091,5,1,ghcr.io/talmolab/lablink-client-base-image:linux-amd64-test@sha256:1ec2fde6860186b3d45ac83890167258f83512955dbce65f072d4e8c310cb9de,5,True,,True,
1788390558.2407942,5,1,ghcr.io/talmolab/lablink-client-base-image:linux-amd64-test@sha256:1ec2fde6860186b3d45ac83890167258f83512955dbce65f072d4e8c310cb9de,5,True,,True,
1788390563.276908,5,1,ghcr.io/talmolab/lablink-client-base-image:linux-amd64-test@sha256:1ec2fde6860186b3d45ac83890167258f83512955dbce65f072d4e8c310cb9de,5,True,,True,
1788390568.308089,5,1,ghcr.io/talmolab/lablink-client-base-image:linux-amd64-test@sha256:1ec2fde6860186b3d45ac83890167258f83512955dbce65f072d4e8c310cb9de,5,True,,True,
1788390573.259542,5,1,ghcr.io/talmolab/lablink-client-base-image:linux-amd64-test@sha256:1ec2fde6860186b3d45ac83890167258f83512955dbce65f072d4e8c310cb9de,5,True,,True,
1788390578.354568,5,1,ghcr.io/talmolab/lablink-client-base-image:linux-amd64-test@sha256:1ec2fde6860186b3d45ac83890167258f83512955dbce65f072d4e8c310cb9de,5,True,,True,
1788390583.209758,5,1,ghcr.io/talmolab/lablink-client-base-image:linux-amd64-test@sha256:1ec2fde6860186b3d45ac83890167258f83512955dbce65f072d4e8c310cb9de,5,True,,True,
1788390588.267688,5,1,ghcr.io/talmolab/lablink-client-base-image:linux-amd64-test@sha256:1ec2fde6860186b3d45ac83890167258f83512955dbce65f072d4e8c310cb9de,5,True,,True,
1788390593.602387,5,1,ghcr.io/talmolab/lablink-client-base-image:linux-amd64-test@sha256:1ec2fde6860186b3d45ac83890167258f83512955dbce65f072d4e8c310cb9de,5,True,,True,
1788390598.2651799,5,1,ghcr.io/talmolab/lablink-client-base-image:linux-amd64-test@sha256:1ec2fde6860186b3d45ac83890167258f83512955dbce65f072d4e8c310cb9de,5,True,,True,
1788390603.3108149,5,1,ghcr.io/talmolab/lablink-client-base-image:linux-amd64-test@sha256:1ec2fde6860186b3d45ac83890167258f83512955dbce65f072d4e8c310cb9de,5,True,,True,
1788390608.283673,5,1,ghcr.io/talmolab/lablink-client-base-image:linux-amd64-test@sha256:1ec2fde6860186b3d45ac83890167258f83512955dbce65f072d4e8c310cb9de,5,True,,True,
1788390613.2950459,5,1,ghcr.io/talmolab/lablink-client-base-image:linux-amd64-test@sha256:1ec2fde6860186b3d45ac83890167258f83512955dbce65f072d4e8c310cb9de,5,True,,True,
1788390618.277515,5,1,ghcr.io/talmolab/lablink-client-base-image:linux-amd64-test@sha256:1ec2fde6860186b3d45ac83890167258f83512955dbce65f072d4e8c310cb9de,5,True,,True,
1788390623.25358,5,1,ghcr.io/talmolab/lablink-client-base-image:linux-amd64-test@sha256:1ec2fde6860186b3d45ac83890167258f83512955dbce65f072d4e8c310cb9de,5,True,,True,
1788390628.423986,5,1,ghcr.io/talmolab/lablink-client-base-image:linux-amd64-test@sha256:1ec2fde6860186b3d45ac83890167258f83512955dbce65f072d4e8c310cb9de,5,True,,True,
1788390633.2213829,5,1,ghcr.io/talmolab/lablink-client-base-image:linux-amd64-test@sha256:1ec2fde6860186b3d45ac83890167258f83512955dbce65f072d4e8c310cb9de,5,True,,True,
1788390638.265743,5,1,ghcr.io/talmolab/lablink-client-base-image:linux-amd64-test@sha256:1ec2fde6860186b3d45ac83890167258f83512955dbce65f072d4e8c310cb9de,5,True,,True,
1788390643.351676,5,1,ghcr.io/talmolab/lablink-client-base-image:linux-amd64-test@sha256:1ec2fde6860186b3d45ac83890167258f83512955dbce65f072d4e8c310cb9de,5,True,,True,
1788390648.248461,5,1,ghcr.io/talmolab/lablink-client-base-image:linux-amd64-test@sha256:1ec2fde6860186b3d45ac83890167258f83512955dbce65f072d4e8c310cb9de,5,True,,True,
1788390653.446969,5,1,ghcr.io/talmolab/lablink-client-base-image:linux-amd64-test@sha256:1ec2fde6860186b3d45ac83890167258f83512955dbce65f072d4e8c310cb9de,5,True,,True,
